INSERT INTO ADMINS (ID, FIRST_NAME, LAST_NAME, PERSONAL_ID) VALUES (31, 'Dievas', 'Dievaitis', 35108162370);
INSERT INTO ADMINS (ID, FIRST_NAME, LAST_NAME, PERSONAL_ID) VALUES (32, 'Rokas', 'Adminauskas', 45111145982);

INSERT INTO ACCOUNTS (USER_ID, CREATED_ON, PASSWORD, USERNAME, ACCOUNT_ENABLED) VALUES (31, '2018-02-15 00:10:57.517', '$2a$10$JqZU/jxK/Zx3YQZkAH81EeXU1EWy6qjYzhKA.dNplRTuZtYm43/eS', 'sa', TRUE);
INSERT INTO ACCOUNTS (USER_ID, CREATED_ON, PASSWORD, USERNAME, ACCOUNT_ENABLED) VALUES (32, '2018-02-15 00:10:57.651', '$2a$10$Mknfhp/skGPGoWjmhOlJtu/5mKAOWnC7eJldgQvknXdLID1vTsAUe', 'admin', TRUE);
INSERT INTO ACCOUNTS (USER_ID, CREATED_ON, PASSWORD, USERNAME, ACCOUNT_ENABLED) VALUES (6101, '2018-02-15 00:10:57.758', '$2a$10$vE4B3LYOKfrdoksmlWYH0OIlB655hWdE/01Jq6Z1nkwqaij22lE1W', 'patient', TRUE);
INSERT INTO ACCOUNTS (USER_ID, CREATED_ON, PASSWORD, USERNAME, ACCOUNT_ENABLED) VALUES (4585, '2018-02-15 00:10:57.758', '$2a$10$N8lV/q.ZkXaH0LQPk0qeR.fTWCpl.xwrSWhpST73Kvqtpk6zpp9Oy', 'doctor', TRUE);
INSERT INTO ACCOUNTS (USER_ID, CREATED_ON, PASSWORD, USERNAME, ACCOUNT_ENABLED) VALUES (104, '2018-02-15 00:10:57.865', '$2a$10$1X/3nT3FAYmvJDtyKXyj0eqfZ8u6t8yAETnNm3Wfcbb.zcsZQpGCy', 'pharmacist', TRUE);

INSERT INTO ACCOUNT_ROLES (ACCOUNT_USER_ID, ACCOUNT_ROLES) VALUES (31, 'ROLE_USER');
INSERT INTO ACCOUNT_ROLES (ACCOUNT_USER_ID, ACCOUNT_ROLES) VALUES (31, 'ROLE_SUPERADMIN');
INSERT INTO ACCOUNT_ROLES (ACCOUNT_USER_ID, ACCOUNT_ROLES) VALUES (31, 'ROLE_ADMIN');
INSERT INTO ACCOUNT_ROLES (ACCOUNT_USER_ID, ACCOUNT_ROLES) VALUES (32, 'ROLE_USER');
INSERT INTO ACCOUNT_ROLES (ACCOUNT_USER_ID, ACCOUNT_ROLES) VALUES (32, 'ROLE_ADMIN');
INSERT INTO ACCOUNT_ROLES (ACCOUNT_USER_ID, ACCOUNT_ROLES) VALUES (6101, 'ROLE_USER');
INSERT INTO ACCOUNT_ROLES (ACCOUNT_USER_ID, ACCOUNT_ROLES) VALUES (6101, 'ROLE_PATIENT');
INSERT INTO ACCOUNT_ROLES (ACCOUNT_USER_ID, ACCOUNT_ROLES) VALUES (4585, 'ROLE_USER');
INSERT INTO ACCOUNT_ROLES (ACCOUNT_USER_ID, ACCOUNT_ROLES) VALUES (4585, 'ROLE_DOCTOR');
INSERT INTO ACCOUNT_ROLES (ACCOUNT_USER_ID, ACCOUNT_ROLES) VALUES (104, 'ROLE_USER');
INSERT INTO ACCOUNT_ROLES (ACCOUNT_USER_ID, ACCOUNT_ROLES) VALUES (104, 'ROLE_PHARMACIST');
